"Host","Pubs_All","Pubs_VirusRelated","HostOrder","HostFamily"
"Abrothrix longipilis",18,3,"Rodentia","Cricetidae"
"Abrothrix olivaceus",16,1,"Rodentia","Cricetidae"
"Abrothrix sanborni",2,0,"Rodentia","Cricetidae"
"Acinonyx jubatus",329,32,"Carnivora","Felidae"
"Acomys cahirinus",288,2,"Rodentia","Muridae"
"Acomys dimidiatus",68,4,"Rodentia","Muridae"
"Addax nasomaculatus",29,1,"Cetartiodactyla","Bovidae"
"Aepyceros melampus",150,11,"Cetartiodactyla","Bovidae"
"Aethomys kaiseri",3,0,"Rodentia","Muridae"
"Ailuropoda melanoleuca",356,15,"Carnivora","Ursidae"
"Ailurus fulgens",108,13,"Carnivora","Ailuridae"
"Akodon azarae",67,7,"Rodentia","Cricetidae"
"Akodon cursor",38,2,"Rodentia","Cricetidae"
"Akodon montensis",61,12,"Rodentia","Cricetidae"
"Akodon paranaensis",12,6,"Rodentia","Cricetidae"
"Akodon simulator",3,1,"Rodentia","Cricetidae"
"Akodon varius",1,1,"Rodentia","Cricetidae"
"Alcelaphus buselaphus",30,4,"Cetartiodactyla","Bovidae"
"Alces alces",583,38,"Cetartiodactyla","Cervidae"
"Allenopithecus nigroviridis",11,3,"Primates","Cercopithecidae"
"Allochrocebus lhoesti",17,4,"Primates","Cercopithecidae"
"Allochrocebus solatus",10,3,"Primates","Cercopithecidae"
"Alouatta belzebul",32,0,"Primates","Atelidae"
"Alouatta caraya",159,22,"Primates","Atelidae"
"Alouatta guariba",60,5,"Primates","Atelidae"
"Alouatta palliata",182,0,"Primates","Atelidae"
"Alouatta pigra",112,2,"Primates","Atelidae"
"Alouatta seniculus",91,2,"Primates","Atelidae"
"Alticola argentatus",9,0,"Rodentia","Cricetidae"
"Ammospermophilus nelsoni",2,1,"Rodentia","Sciuridae"
"Ammotragus lervia",64,6,"Cetartiodactyla","Bovidae"
"Anoura caudifer",9,1,"Chiroptera","Phyllostomidae"
"Anoura geoffroyi",16,0,"Chiroptera","Phyllostomidae"
"Antidorcas marsupialis",72,2,"Cetartiodactyla","Bovidae"
"Antilocapra americana",98,14,"Cetartiodactyla","Antilocapridae"
"Antilope cervicapra",40,2,"Cetartiodactyla","Bovidae"
"Antrozous pallidus",34,0,"Chiroptera","Vespertilionidae"
"Aotus azarae",86,3,"Primates","Aotidae"
"Aotus trivirgatus",321,42,"Primates","Aotidae"
"Apodemus agrarius",447,143,"Rodentia","Muridae"
"Apodemus argenteus",65,2,"Rodentia","Muridae"
"Apodemus flavicollis",429,110,"Rodentia","Muridae"
"Apodemus mystacinus",18,0,"Rodentia","Muridae"
"Apodemus pallipes",1,0,"Rodentia","Muridae"
"Apodemus peninsulae",96,13,"Rodentia","Muridae"
"Apodemus ponticus",15,7,"Rodentia","Muridae"
"Apodemus speciosus",137,6,"Rodentia","Muridae"
"Apodemus sylvaticus",543,69,"Rodentia","Muridae"
"Apodemus uralensis",973,47,"Rodentia","Muridae"
"Arctocephalus australis",65,4,"Carnivora","Otariidae"
"Arctocephalus forsteri",35,1,"Carnivora","Otariidae"
"Arctocephalus galapagoensis",10,0,"Carnivora","Otariidae"
"Artibeus fimbriatus",9,2,"Chiroptera","Phyllostomidae"
"Artibeus jamaicensis",105,22,"Chiroptera","Phyllostomidae"
"Artibeus lituratus",115,20,"Chiroptera","Phyllostomidae"
"Artibeus planirostris",44,11,"Chiroptera","Phyllostomidae"
"Arvicanthis neumanni",4,0,"Rodentia","Muridae"
"Arvicanthis niloticus",182,5,"Rodentia","Muridae"
"Arvicola amphibius",167,8,"Rodentia","Cricetidae"
"Arvicola scherman",21,1,"Rodentia","Cricetidae"
"Atelerix albiventris",108,5,"Erinaceomorpha","Erinaceidae"
"Ateles fusciceps",30,2,"Primates","Atelidae"
"Ateles geoffroyi",207,3,"Primates","Atelidae"
"Ateles paniscus",61,1,"Primates","Atelidae"
"Atherurus africanus",15,0,"Rodentia","Hystricidae"
"Atilax paludinosus",8,1,"Carnivora","Herpestidae"
"Axis porcinus",13,0,"Cetartiodactyla","Cervidae"
"Babyrousa babyrussa",26,2,"Cetartiodactyla","Suidae"
"Baiomys taylori",15,4,"Rodentia","Cricetidae"
"Balaena mysticetus",125,3,"Cetartiodactyla","Balaenidae"
"Balaenoptera acutorostrata",174,4,"Cetartiodactyla","Balaenopteridae"
"Balaenoptera borealis",57,1,"Cetartiodactyla","Balaenopteridae"
"Balaenoptera physalus",206,6,"Cetartiodactyla","Balaenopteridae"
"Bandicota bengalensis",85,5,"Rodentia","Muridae"
"Bandicota indica",109,17,"Rodentia","Muridae"
"Bandicota savilei",22,3,"Rodentia","Muridae"
"Barbastella barbastellus",20,1,"Chiroptera","Vespertilionidae"
"Bassaricyon gabbii",3,0,"Carnivora","Procyonidae"
"Bassariscus astutus",11,1,"Carnivora","Procyonidae"
"Beatragus hunteri",4,0,"Cetartiodactyla","Bovidae"
"Bettongia gaimardi",30,0,"Diprotodontia","Potoroidae"
"Bettongia penicillata",50,2,"Diprotodontia","Potoroidae"
"Bibimys chacoensis",0,0,"Rodentia","Cricetidae"
"Bison bison",1187,88,"Cetartiodactyla","Bovidae"
"Bison bonasus",185,15,"Cetartiodactyla","Bovidae"
"Blastocerus dichotomus",34,3,"Cetartiodactyla","Cervidae"
"Bos frontalis",116,5,"Cetartiodactyla","Bovidae"
"Bos grunniens",350,21,"Cetartiodactyla","Bovidae"
"Bos javanicus",97,24,"Cetartiodactyla","Bovidae"
"Bos mutus",22,1,"Cetartiodactyla","Bovidae"
"Bos taurus",3351,94,"Cetartiodactyla","Bovidae"
"Bos taurus indicus",1885,25,"Cetartiodactyla","Bovidae"
"Bos taurus primigenius",103,1,"Cetartiodactyla","Bovidae"
"Boselaphus tragocamelus",33,1,"Cetartiodactyla","Bovidae"
"Brachyteles arachnoides",41,2,"Primates","Atelidae"
"Bradypus tridactylus",43,0,"Pilosa","Bradypodidae"
"Bradypus variegatus",59,6,"Pilosa","Bradypodidae"
"Bubalus bubalis",1922,67,"Cetartiodactyla","Bovidae"
"Bubalus carabanensis",4,0,"Cetartiodactyla","Bovidae"
"Budorcas taxicolor",27,1,"Cetartiodactyla","Bovidae"
"Cabassous centralis",1,0,"Cingulata","Dasypodidae"
"Cacajao calvus",30,0,"Primates","Pitheciidae"
"Cacajao melanocephalus",16,0,"Primates","Pitheciidae"
"Callimico goeldii",88,2,"Primates","Callitrichidae"
"Callithrix geoffroyi",58,1,"Primates","Cebidae"
"Callithrix jacchus",2078,130,"Primates","Callitrichidae"
"Callithrix penicillata",135,4,"Primates","Callitrichidae"
"Callorhinus ursinus",197,11,"Carnivora","Otariidae"
"Callospermophilus lateralis",141,2,"Rodentia","Sciuridae"
"Calomys callidus",7,4,"Rodentia","Cricetidae"
"Calomys callosus",112,9,"Rodentia","Cricetidae"
"Calomys laucha",43,16,"Rodentia","Cricetidae"
"Calomys musculinus",62,43,"Rodentia","Cricetidae"
"Calomys tener",11,6,"Rodentia","Cricetidae"
"Caluromys derbianus",11,0,"Didelphimorphia","Didelphidae"
"Caluromys philander",21,0,"Didelphimorphia","Didelphidae"
"Camelus bactrianus",176,8,"Cetartiodactyla","Camelidae"
"Camelus dromedarius",1207,54,"Cetartiodactyla","Camelidae"
"Canis adustus",21,6,"Carnivora","Canidae"
"Canis aureus",231,7,"Carnivora","Canidae"
"Canis latrans",434,38,"Carnivora","Canidae"
"Canis lupus",1261,64,"Carnivora","Canidae"
"Canis mesomelas",54,11,"Carnivora","Canidae"
"Canis simensis",27,8,"Carnivora","Canidae"
"Capra aegagrus",126,10,"Cetartiodactyla","Bovidae"
"Capra caucasica",2,0,"Cetartiodactyla","Bovidae"
"Capra hircus",1068,30,"Cetartiodactyla","Bovidae"
"Capra ibex",262,18,"Cetartiodactyla","Bovidae"
"Capra nubiana",22,3,"Cetartiodactyla","Bovidae"
"Capra pyrenaica",127,9,"Cetartiodactyla","Bovidae"
"Capreolus capreolus",784,66,"Cetartiodactyla","Cervidae"
"Capricornis crispus",85,12,"Cetartiodactyla","Bovidae"
"Capricornis sumatraensis",10,0,"Cetartiodactyla","Bovidae"
"Caracal caracal",55,2,"Carnivora","Felidae"
"Carollia brevicauda",21,1,"Chiroptera","Phyllostomidae"
"Carollia perspicillata",199,11,"Chiroptera","Phyllostomidae"
"Carollia subrufa",1,0,"Chiroptera","Phyllostomidae"
"Castor canadensis",145,3,"Rodentia","Castoridae"
"Castor fiber",160,0,"Rodentia","Castoridae"
"Cavia porcellus",664,21,"Rodentia","Caviidae"
"Cebuella pygmaea",57,4,"Primates","Cebidae"
"Cebus capucinus",179,1,"Primates","Cebidae"
"Cebus olivaceus",35,1,"Primates","Cebidae"
"Cephalophus callipygus",4,0,"Cetartiodactyla","Bovidae"
"Cephalophus dorsalis",12,0,"Cetartiodactyla","Bovidae"
"Cephalophus leucogaster",3,0,"Cetartiodactyla","Bovidae"
"Cephalophus niger",3,1,"Cetartiodactyla","Bovidae"
"Cephalophus nigrifrons",5,0,"Cetartiodactyla","Bovidae"
"Cephalophus rufilatus",2,0,"Cetartiodactyla","Bovidae"
"Cephalophus silvicultor",3,0,"Cetartiodactyla","Bovidae"
"Cephalophus weynsi",1,0,"Cetartiodactyla","Bovidae"
"Cephalophus zebra",0,0,"Cetartiodactyla","Bovidae"
"Ceratotherium simum",213,5,"Perissodactyla","Rhinocerotidae"
"Cercocebus agilis",13,5,"Primates","Cercopithecidae"
"Cercocebus atys",144,45,"Primates","Cercopithecidae"
"Cercocebus chrysogaster",4,0,"Primates","Cercopithecidae"
"Cercocebus galeritus",19,1,"Primates","Cercopithecidae"
"Cercocebus torquatus",76,18,"Primates","Cercopithecidae"
"Cercopithecus albogularis",22,2,"Primates","Cercopithecidae"
"Cercopithecus ascanius",61,8,"Primates","Cercopithecidae"
"Cercopithecus campbelli",29,0,"Primates","Cercopithecidae"
"Cercopithecus cephus",29,10,"Primates","Cercopithecidae"
"Cercopithecus denti",2,2,"Primates","Cercopithecidae"
"Cercopithecus diana",33,2,"Primates","Cercopithecidae"
"Cercopithecus erythrotis",6,0,"Primates","Cercopithecidae"
"Cercopithecus hamlyni",4,0,"Primates","Cercopithecidae"
"Cercopithecus mitis",85,7,"Primates","Cercopithecidae"
"Cercopithecus mona",30,12,"Primates","Cercopithecidae"
"Cercopithecus neglectus",31,6,"Primates","Cercopithecidae"
"Cercopithecus nictitans",36,13,"Primates","Cercopithecidae"
"Cercopithecus petaurista",6,0,"Primates","Cercopithecidae"
"Cercopithecus pogonias",14,1,"Primates","Cercopithecidae"
"Cercopithecus wolfi",4,0,"Primates","Cercopithecidae"
"Cerdocyon thous",146,18,"Carnivora","Canidae"
"Cervus elaphus",1765,100,"Cetartiodactyla","Cervidae"
"Cervus nippon",444,13,"Cetartiodactyla","Cervidae"
"Chaerephon plicatus",4,1,"Chiroptera","Molossidae"
"Chaerephon pumilus",8,3,"Chiroptera","Molossidae"
"Chaetodipus hispidus",10,0,"Rodentia","Heteromyidae"
"Chaetodipus spinatus",2,0,"Rodentia","Heteromyidae"
"Chaetophractus vellerosus",22,0,"Cingulata","Dasypodidae"
"Chinchilla lanigera",127,5,"Rodentia","Chinchillidae"
"Chionomys roberti",3,0,"Rodentia","Cricetidae"
"Chironectes minimus",4,0,"Didelphimorphia","Didelphidae"
"Chlorocebus aethiops",215,16,"Primates","Cercopithecidae"
"Chlorocebus pygerythrus",77,10,"Primates","Cercopithecidae"
"Chlorocebus sabaeus",115,23,"Primates","Cercopithecidae"
"Chlorocebus tantalus",7,3,"Primates","Cercopithecidae"
"Choeropsis liberiensis",21,2,"Cetartiodactyla","Hippopotamidae"
"Choloepus didactylus",48,4,"Pilosa","Megalonychidae"
"Choloepus hoffmanni",72,7,"Pilosa","Megalonychidae"
"Chrotogale owstoni",0,0,"Carnivora","Viverridae"
"Chrotopterus auritus",7,0,"Chiroptera","Phyllostomidae"
"Chrysocyon brachyurus",108,8,"Carnivora","Canidae"
"Civettictis civetta",15,3,"Carnivora","Viverridae"
"Coendou bicolor",3,0,"Rodentia","Erethizontidae"
"Coendou melanurus",1,0,"Rodentia","Erethizontidae"
"Coendou mexicanus",1,0,"Rodentia","Erethizontidae"
"Coendou prehensilis",16,0,"Rodentia","Erethizontidae"
"Colobus guereza",110,16,"Primates","Cercopithecidae"
"Colobus polykomos",37,4,"Primates","Cercopithecidae"
"Connochaetes gnou",34,5,"Cetartiodactyla","Bovidae"
"Connochaetes taurinus",100,18,"Cetartiodactyla","Bovidae"
"Corynorhinus townsendii",9,0,"Chiroptera","Vespertilionidae"
"Cricetomys emini",5,2,"Rodentia","Nesomyidae"
"Cricetomys gambianus",115,7,"Rodentia","Nesomyidae"
"Cricetulus barabensis",239,8,"Rodentia","Cricetidae"
"Cricetus cricetus",405,7,"Rodentia","Cricetidae"
"Crocidura lasiura",39,12,"Eulipotyphla","Soricidae"
"Crocidura leucodon",28,11,"Eulipotyphla","Soricidae"
"Crocidura olivieri",10,2,"Eulipotyphla","Soricidae"
"Crocidura russula",114,6,"Eulipotyphla","Soricidae"
"Crocidura zaphiri",0,0,"Eulipotyphla","Soricidae"
"Crocuta crocuta",212,13,"Carnivora","Hyaenidae"
"Ctenodactylus gundi",17,1,"Rodentia","Ctenodactylidae"
"Cuniculus paca",95,1,"Rodentia","Cuniculidae"
"Cyclopes didactylus",8,1,"Pilosa","Cyclopedidae"
"Cynictis penicillata",14,3,"Carnivora","Herpestidae"
"Cynomops abrasus",2,0,"Chiroptera","Molossidae"
"Cynomops planirostris",8,1,"Chiroptera","Molossidae"
"Cynomys ludovicianus",210,14,"Rodentia","Sciuridae"
"Cynopterus brachyotis",45,6,"Chiroptera","Pteropodidae"
"Cynopterus sphinx",69,7,"Chiroptera","Pteropodidae"
"Cystophora cristata",116,5,"Carnivora","Phocidae"
"Dama dama",732,45,"Cetartiodactyla","Cervidae"
"Damaliscus lunatus",23,1,"Cetartiodactyla","Bovidae"
"Damaliscus pygargus",51,0,"Cetartiodactyla","Bovidae"
"Dasycercus cristicauda",4,1,"Dasyuromorphia","Dasyuridae"
"Dasymys incomtus",4,0,"Rodentia","Muridae"
"Dasyprocta fuliginosa",7,0,"Rodentia","Dasyproctidae"
"Dasyprocta leporina",50,0,"Rodentia","Dasyproctidae"
"Dasyprocta punctata",9,1,"Rodentia","Dasyproctidae"
"Dasypus novemcinctus",328,4,"Cingulata","Dasypodidae"
"Delphinapterus leucas",333,12,"Cetartiodactyla","Monodontidae"
"Delphinus delphis",206,7,"Cetartiodactyla","Delphinidae"
"Dendrolagus goodfellowi",5,1,"Diprotodontia","Macropodidae"
"Dermanura cinerea",4,1,"Chiroptera","Phyllostomidae"
"Dermanura phaeotis",5,0,"Chiroptera","Phyllostomidae"
"Dermanura tolteca",1,0,"Chiroptera","Phyllostomidae"
"Desmodillus auricularis",6,1,"Rodentia","Muridae"
"Desmodus rotundus",314,103,"Chiroptera","Phyllostomidae"
"Diaemus youngi",14,1,"Chiroptera","Phyllostomidae"
"Diceros bicornis",202,4,"Perissodactyla","Rhinocerotidae"
"Diclidurus albus",0,0,"Chiroptera","Emballonuridae"
"Dicrostonyx groenlandicus",64,1,"Rodentia","Cricetidae"
"Didelphis marsupialis",311,6,"Didelphimorphia","Didelphidae"
"Didelphis virginiana",613,15,"Didelphimorphia","Didelphidae"
"Diphylla ecaudata",18,4,"Chiroptera","Phyllostomidae"
"Diplomys labilis",0,0,"Rodentia","Echimyidae"
"Dipodomys heermanni",4,1,"Rodentia","Heteromyidae"
"Dipodomys merriami",83,1,"Rodentia","Heteromyidae"
"Dipodomys microps",8,0,"Rodentia","Heteromyidae"
"Dipodomys nitratoides",1,1,"Rodentia","Heteromyidae"
"Dipodomys ordii",45,3,"Rodentia","Heteromyidae"
"Dobsonia anderseni",0,0,"Chiroptera","Pteropodidae"
"Dobsonia moluccensis",2,0,"Chiroptera","Pteropodidae"
"Dorcopsis muelleri",5,0,"Diprotodontia","Macropodidae"
"Eidolon dupreanum",9,3,"Chiroptera","Pteropodidae"
"Eidolon helvum",114,53,"Chiroptera","Pteropodidae"
"Eira barbara",21,0,"Carnivora","Mustelidae"
"Elaphodus cephalophus",13,0,"Cetartiodactyla","Cervidae"
"Elaphurus davidianus",67,5,"Cetartiodactyla","Cervidae"
"Elephas maximus",563,39,"Proboscidea","Elephantidae"
"Eliomys munbyanus",0,0,"Rodentia","Gliridae"
"Enhydra lutris",215,10,"Carnivora","Mustelidae"
"Eonycteris spelaea",28,10,"Chiroptera","Pteropodidae"
"Epomophorus gambianus",14,7,"Chiroptera","Pteropodidae"
"Epomophorus labiatus",1,1,"Chiroptera","Pteropodidae"
"Epomophorus wahlbergi",14,0,"Chiroptera","Pteropodidae"
"Epomops buettikoferi",2,2,"Chiroptera","Pteropodidae"
"Epomops dobsonii",0,0,"Chiroptera","Pteropodidae"
"Epomops franqueti",11,6,"Chiroptera","Pteropodidae"
"Eptesicus brasiliensis",18,6,"Chiroptera","Vespertilionidae"
"Eptesicus diminutus",2,0,"Chiroptera","Vespertilionidae"
"Eptesicus furinalis",9,3,"Chiroptera","Vespertilionidae"
"Eptesicus fuscus",506,64,"Chiroptera","Vespertilionidae"
"Eptesicus serotinus",77,42,"Chiroptera","Vespertilionidae"
"Equus asinus",401,12,"Perissodactyla","Equidae"
"Equus caballus",778,40,"Perissodactyla","Equidae"
"Equus grevyi",46,4,"Perissodactyla","Equidae"
"Equus hemionus",76,2,"Perissodactyla","Equidae"
"Equus kiang",25,0,"Perissodactyla","Equidae"
"Equus przewalskii",101,2,"Perissodactyla","Equidae"
"Equus quagga",75,5,"Perissodactyla","Equidae"
"Equus quagga burchellii",116,5,"Perissodactyla","Equidae"
"Equus zebra",230,13,"Perissodactyla","Equidae"
"Erethizon dorsatum",55,7,"Rodentia","Erethizontidae"
"Erignathus barbatus",58,1,"Carnivora","Phocidae"
"Erinaceus europaeus",379,10,"Erinaceomorpha","Erinaceidae"
"Erinaceus roumanicus",34,6,"Eulipotyphla","Erinaceidae"
"Erythrocebus patas",238,32,"Primates","Cercopithecidae"
"Eschrichtius robustus",73,1,"Cetartiodactyla","Eschrichtiidae"
"Euderma maculatum",5,1,"Chiroptera","Vespertilionidae"
"Eudorcas thomsonii",15,2,"Cetartiodactyla","Bovidae"
"Eulemur albifrons",12,0,"Primates","Lemuridae"
"Eulemur fulvus",125,2,"Primates","Lemuridae"
"Eulemur macaco",63,1,"Primates","Lemuridae"
"Eumetopias jubatus",176,7,"Carnivora","Otariidae"
"Eumops auripendulus",3,1,"Chiroptera","Molossidae"
"Eumops bonariensis",1,0,"Chiroptera","Molossidae"
"Eumops glaucinus",7,0,"Chiroptera","Molossidae"
"Eumops patagonicus",3,1,"Chiroptera","Molossidae"
"Eumops perotis",11,2,"Chiroptera","Molossidae"
"Euoticus elegantulus",3,0,"Primates","Galagidae"
"Euryzygomatomys spinosus",2,0,"Rodentia","Echimyidae"
"Eutamias sibiricus",88,1,"Rodentia","Sciuridae"
"Felis catus",1145,147,"Carnivora","Felidae"
"Felis margarita",16,1,"Carnivora","Felidae"
"Felis nigripes",17,1,"Carnivora","Felidae"
"Felis silvestris",257,30,"Carnivora","Felidae"
"Feresa attenuata",9,0,"Cetartiodactyla","Delphinidae"
"Funambulus pennantii",5,0,"Rodentia","Sciuridae"
"Funambulus tristriatus",1,1,"Rodentia","Sciuridae"
"Funisciurus anerythrus",3,3,"Rodentia","Sciuridae"
"Funisciurus congicus",1,1,"Rodentia","Sciuridae"
"Funisciurus lemniscatus",1,1,"Rodentia","Sciuridae"
"Galago senegalensis",155,1,"Primates","Galagidae"
"Galagoides demidoff",25,2,"Primates","Galagidae"
"Galerella pulverulenta",5,0,"Carnivora","Herpestidae"
"Galerella sanguinea",12,2,"Carnivora","Herpestidae"
"Galictis cuja",16,2,"Carnivora","Mustelidae"
"Gardnerycteris crenulatum",4,0,"Chiroptera","Phyllostomidae"
"Gazella dorcas",34,1,"Cetartiodactyla","Bovidae"
"Gazella gazella",368,24,"Cetartiodactyla","Bovidae"
"Gazella subgutturosa",63,9,"Cetartiodactyla","Bovidae"
"Genetta genetta",80,8,"Carnivora","Viverridae"
"Genetta maculata",6,0,"Carnivora","Viverridae"
"Genetta tigrina",6,1,"Carnivora","Viverridae"
"Geomys bursarius",19,0,"Rodentia","Geomyidae"
"Gerbilliscus brantsii",8,1,"Rodentia","Muridae"
"Gerbilliscus kempi",18,3,"Rodentia","Muridae"
"Gerbilliscus leucogaster",15,2,"Rodentia","Muridae"
"Gerbilliscus validus",3,1,"Rodentia","Muridae"
"Gerbillus dasyurus",40,0,"Rodentia","Muridae"
"Gerbillus gerbillus",202,2,"Rodentia","Muridae"
"Gerbillus pyramidum",54,0,"Rodentia","Muridae"
"Giraffa camelopardalis",218,12,"Cetartiodactyla","Giraffidae"
"Glaucomys volans",33,0,"Rodentia","Sciuridae"
"Glauconycteris argentata",1,0,"Chiroptera","Vespertilionidae"
"Glis glis",436,7,"Rodentia","Gliridae"
"Globicephala macrorhynchus",50,0,"Cetartiodactyla","Delphinidae"
"Globicephala melas",137,3,"Cetartiodactyla","Delphinidae"
"Glossophaga commissarisi",9,0,"Chiroptera","Phyllostomidae"
"Glossophaga longirostris",6,1,"Chiroptera","Phyllostomidae"
"Glossophaga morenoi",1,0,"Chiroptera","Phyllostomidae"
"Glossophaga soricina",108,5,"Chiroptera","Phyllostomidae"
"Golunda ellioti",4,0,"Rodentia","Muridae"
"Gorilla beringei",211,7,"Primates","Hominidae"
"Gorilla gorilla",2373,138,"Primates","Hominidae"
"Grampus griseus",101,2,"Cetartiodactyla","Delphinidae"
"Graomys griseoflavus",13,0,"Rodentia","Cricetidae"
"Gulo gulo",250,8,"Carnivora","Mustelidae"
"Halichoerus grypus",371,27,"Carnivora","Phocidae"
"Handleyomys alfaroi",1,0,"Rodentia","Cricetidae"
"Handleyomys fuscatus",0,0,"Rodentia","Cricetidae"
"Helarctos malayanus",39,3,"Carnivora","Ursidae"
"Heliosciurus gambianus",6,0,"Rodentia","Sciuridae"
"Heliosciurus rufobrachium",3,1,"Rodentia","Sciuridae"
"Hemiechinus auritus",40,0,"Eulipotyphla","Erinaceidae"
"Hemitragus jemlahicus",14,0,"Cetartiodactyla","Bovidae"
"Herpailurus yagouaroundi",19,6,"Carnivora","Felidae"
"Herpestes edwardsii",13,0,"Carnivora","Herpestidae"
"Herpestes ichneumon",37,3,"Carnivora","Herpestidae"
"Herpestes javanicus",19,4,"Carnivora","Herpestidae"
"Herpestes sanguineus",4,0,"Carnivora","Herpestidae"
"Heteromys adspersus",0,0,"Rodentia","Heteromyidae"
"Heteromys anomalus",6,1,"Rodentia","Heteromyidae"
"Heteromys salvini",6,1,"Rodentia","Heteromyidae"
"Hippopotamus amphibius",90,3,"Cetartiodactyla","Hippopotamidae"
"Hipposideros abae",1,1,"Chiroptera","Hipposideridae"
"Hipposideros armiger",39,4,"Chiroptera","Hipposideridae"
"Hipposideros bicolor",8,1,"Chiroptera","Hipposideridae"
"Hipposideros caffer",9,2,"Chiroptera","Hipposideridae"
"Hipposideros cineraceus",1,1,"Chiroptera","Hipposideridae"
"Hipposideros crumeniferus",0,0,"Chiroptera","Hipposideridae"
"Hipposideros diadema",9,1,"Chiroptera","Hipposideridae"
"Hipposideros lankadiva",5,0,"Chiroptera","Hipposideridae"
"Hipposideros larvatus",15,2,"Chiroptera","Hipposideridae"
"Hipposideros pomona",14,7,"Chiroptera","Hipposideridae"
"Hipposideros ruber",5,2,"Chiroptera","Hipposideridae"
"Hipposideros speoris",10,0,"Chiroptera","Hipposideridae"
"Hippotragus equinus",33,3,"Cetartiodactyla","Bovidae"
"Hippotragus niger",44,3,"Cetartiodactyla","Bovidae"
"Histiotus macrotus",1,0,"Chiroptera","Vespertilionidae"
"Histiotus montanus",5,2,"Chiroptera","Vespertilionidae"
"Histiotus velatus",5,2,"Chiroptera","Vespertilionidae"
"Histriophoca fasciata",19,1,"Carnivora","Phocidae"
"Holochilus sciureus",4,1,"Rodentia","Cricetidae"
"Homo sapiens",4482,161,"Primates","Hominidae"
"Hoolock hoolock",51,1,"Primates","Hylobatidae"
"Hoplomys gymnurus",0,0,"Rodentia","Echimyidae"
"Hyaena hyaena",103,4,"Carnivora","Felidae"
"Hydrochoerus hydrochaeris",176,6,"Rodentia","Caviidae"
"Hydromys chrysogaster",20,1,"Rodentia","Muridae"
"Hydropotes inermis",59,8,"Cetartiodactyla","Cervidae"
"Hydrurga leptonyx",25,0,"Carnivora","Phocidae"
"Hylaeamys laticeps",8,0,"Rodentia","Cricetidae"
"Hylaeamys megacephalus",25,1,"Rodentia","Cricetidae"
"Hylobates agilis",39,3,"Primates","Hylobatidae"
"Hylobates lar",197,12,"Primates","Hylobatidae"
"Hylobates moloch",31,1,"Primates","Hylobatidae"
"Hylobates muelleri",19,0,"Primates","Hylobatidae"
"Hylobates pileatus",34,7,"Primates","Hylobatidae"
"Hylochoerus meinertzhageni",5,1,"Cetartiodactyla","Suidae"
"Hylomyscus alleni",3,0,"Rodentia","Muridae"
"Hypsignathus monstrosus",17,12,"Chiroptera","Pteropodidae"
"Hypsugo savii",12,4,"Chiroptera","Vespertilionidae"
"Hystrix africaeaustralis",18,1,"Rodentia","Hystricidae"
"Ia io",36,2,"Chiroptera","Vespertilionidae"
"Ichneumia albicauda",5,0,"Carnivora","Herpestidae"
"Ictidomys tridecemlineatus",243,7,"Rodentia","Sciuridae"
"Indopacetus pacificus",3,0,"Cetartiodactyla","Ziphiidae"
"Isoodon macrourus",69,0,"Peramelemorphia","Peramelidae"
"Isoodon obesulus",35,1,"Peramelemorphia","Peramelidae"
"Kobus ellipsiprymnus",35,6,"Cetartiodactyla","Bovidae"
"Kobus kob",14,1,"Cetartiodactyla","Bovidae"
"Kobus leche",40,1,"Cetartiodactyla","Bovidae"
"Kobus megaceros",8,1,"Cetartiodactyla","Bovidae"
"Kogia breviceps",74,1,"Cetartiodactyla","Kogiidae"
"Lagenodelphis hosei",22,1,"Cetartiodactyla","Delphinidae"
"Lagenorhynchus acutus",50,2,"Cetartiodactyla","Delphinidae"
"Lagenorhynchus albirostris",29,2,"Cetartiodactyla","Delphinidae"
"Lagenorhynchus obliquidens",51,4,"Cetartiodactyla","Delphinidae"
"Lagenorhynchus obscurus",21,3,"Cetartiodactyla","Delphinidae"
"Lagorchestes conspicillatus",13,0,"Diprotodontia","Macropodidae"
"Lagothrix lagothricha",72,4,"Primates","Atelidae"
"Lagurus lagurus",51,2,"Rodentia","Cricetidae"
"Lama glama",314,15,"Cetartiodactyla","Camelidae"
"Lama glama guanicoe",90,5,"Cetartiodactyla","Camelidae"
"Lasionycteris noctivagans",50,19,"Chiroptera","Vespertilionidae"
"Lasiopodomys gregalis",17,4,"Rodentia","Cricetidae"
"Lasiurus blossevillii",3,0,"Chiroptera","Vespertilionidae"
"Lasiurus borealis",49,4,"Chiroptera","Vespertilionidae"
"Lasiurus cinereus",62,12,"Chiroptera","Vespertilionidae"
"Lasiurus ega",9,2,"Chiroptera","Vespertilionidae"
"Lasiurus egregius",0,0,"Chiroptera","Vespertilionidae"
"Lasiurus intermedius",3,0,"Chiroptera","Vespertilionidae"
"Lasiurus seminolus",1,0,"Chiroptera","Vespertilionidae"
"Lasiurus xanthinus",0,0,"Chiroptera","Vespertilionidae"
"Lemmus lemmus",90,6,"Rodentia","Cricetidae"
"Lemmus sibiricus",26,3,"Rodentia","Cricetidae"
"Lemniscomys rosalia",6,0,"Rodentia","Muridae"
"Lemniscomys striatus",23,2,"Rodentia","Muridae"
"Lemur catta",342,7,"Primates","Lemuridae"
"Leontocebus fuscicollis",163,8,"Primates","Callitrichidae"
"Leontocebus nigricollis",27,6,"Primates","Callitrichidae"
"Leontopithecus chrysomelas",66,3,"Primates","Callitrichidae"
"Leontopithecus rosalia",110,1,"Primates","Callitrichidae"
"Leopardus colocolo",21,1,"Carnivora","Felidae"
"Leopardus geoffroyi",48,4,"Carnivora","Felidae"
"Leopardus pardalis",121,13,"Carnivora","Felidae"
"Leopardus tigrinus",55,6,"Carnivora","Felidae"
"Leopardus wiedii",49,8,"Carnivora","Felidae"
"Lepilemur edwardsi",15,0,"Primates","Lepilemuridae"
"Lepilemur mustelinus",10,1,"Primates","Lepilemuridae"
"Leptailurus serval",43,2,"Carnivora","Felidae"
"Leptonychotes weddellii",120,4,"Carnivora","Phocidae"
"Leptonycteris curasoae",21,0,"Chiroptera","Phyllostomidae"
"Leptonycteris nivalis",10,0,"Chiroptera","Phyllostomidae"
"Lepus americanus",141,18,"Lagomorpha","Leporidae"
"Lepus californicus",37,3,"Lagomorpha","Leporidae"
"Lepus capensis",44,5,"Lagomorpha","Leporidae"
"Lepus corsicanus",10,2,"Lagomorpha","Leporidae"
"Lepus europaeus",345,35,"Lagomorpha","Leporidae"
"Lepus granatensis",36,8,"Lagomorpha","Leporidae"
"Lepus saxatilis",23,1,"Lagomorpha","Leporidae"
"Lepus timidus",125,17,"Lagomorpha","Leporidae"
"Lissonycteris angolensis",4,3,"Chiroptera","Pteropodidae"
"Litocranius walleri",11,1,"Cetartiodactyla","Bovidae"
"Lobodon carcinophaga",20,1,"Carnivora","Phocidae"
"Lonchophylla robusta",0,0,"Chiroptera","Phyllostomidae"
"Lonchorhina aurita",5,0,"Chiroptera","Phyllostomidae"
"Lontra canadensis",124,5,"Carnivora","Mustelidae"
"Lophocebus albigena",44,1,"Primates","Cercopithecidae"
"Lophocebus aterrimus",10,2,"Primates","Cercopithecidae"
"Lophostoma brasiliense",0,0,"Chiroptera","Phyllostomidae"
"Lophostoma silvicolum",6,0,"Chiroptera","Phyllostomidae"
"Lophuromys flavopunctatus",7,0,"Rodentia","Muridae"
"Lophuromys sikapusi",2,0,"Rodentia","Muridae"
"Loxodonta africana",555,12,"Proboscidea","Elephantidae"
"Loxodontomys micropus",7,1,"Rodentia","Cricetidae"
"Lutra lutra",268,10,"Carnivora","Mustelidae"
"Lycalopex culpaeus",25,0,"Carnivora","Canidae"
"Lycalopex gymnocercus",59,4,"Carnivora","Canidae"
"Lycalopex vetulus",28,5,"Carnivora","Canidae"
"Lycaon pictus",155,31,"Carnivora","Canidae"
"Lynx canadensis",82,7,"Carnivora","Felidae"
"Lynx lynx",795,63,"Carnivora","Felidae"
"Lynx pardinus",93,14,"Carnivora","Felidae"
"Lynx rufus",200,26,"Carnivora","Felidae"
"Lyroderma lyra",37,3,"Chiroptera","Megadermatidae"
"Macaca arctoides",344,28,"Primates","Cercopithecidae"
"Macaca cyclopis",80,8,"Primates","Cercopithecidae"
"Macaca fascicularis",4041,315,"Primates","Cercopithecidae"
"Macaca fuscata",965,38,"Primates","Cercopithecidae"
"Macaca maura",12,1,"Primates","Cercopithecidae"
"Macaca mulatta",6604,495,"Primates","Cercopithecidae"
"Macaca nemestrina",1031,166,"Primates","Cercopithecidae"
"Macaca nigra",184,9,"Primates","Cercopithecidae"
"Macaca nigrescens",5,0,"Primates","Cercopithecidae"
"Macaca ochreata",3,0,"Primates","Cercopithecidae"
"Macaca radiata",416,28,"Primates","Cercopithecidae"
"Macaca silenus",63,2,"Primates","Cercopithecidae"
"Macaca sinica",48,3,"Primates","Cercopithecidae"
"Macaca sylvanus",157,11,"Primates","Cercopithecidae"
"Macaca thibetana",83,1,"Primates","Cercopithecidae"
"Macaca tonkeana",68,5,"Primates","Cercopithecidae"
"Macroglossus minimus",6,0,"Chiroptera","Pteropodidae"
"Macronycteris commersoni",8,3,"Chiroptera","Hipposideridae"
"Macropus agilis",30,2,"Diprotodontia","Macropodidae"
"Macropus dorsalis",19,0,"Diprotodontia","Macropodidae"
"Macropus eugenii",647,2,"Diprotodontia","Macropodidae"
"Macropus fuliginosus",73,4,"Diprotodontia","Macropodidae"
"Macropus giganteus",170,5,"Diprotodontia","Macropodidae"
"Macropus parma",23,1,"Diprotodontia","Macropodidae"
"Macropus parryi",9,0,"Diprotodontia","Macropodidae"
"Macropus robustus",75,2,"Diprotodontia","Macropodidae"
"Macropus rufogriseus",128,1,"Diprotodontia","Macropodidae"
"Macropus rufus",143,0,"Diprotodontia","Macropodidae"
"Macrotus californicus",17,0,"Chiroptera","Phyllostomidae"
"Madoqua kirkii",14,0,"Cetartiodactyla","Bovidae"
"Madoqua saltiana",4,0,"Cetartiodactyla","Bovidae"
"Madromys blanfordi",0,0,"Rodentia","Muridae"
"Mandrillus leucophaeus",41,9,"Primates","Cercopithecidae"
"Mandrillus sphinx",135,28,"Primates","Cercopithecidae"
"Marmosa demerarae",15,0,"Didelphimorphia","Didelphidae"
"Marmosa murina",15,0,"Didelphimorphia","Didelphidae"
"Marmosa robinsoni",6,0,"Didelphimorphia","Didelphidae"
"Marmosops parvidens",3,0,"Didelphimorphia","Didelphidae"
"Marmota caudata",8,1,"Rodentia","Sciuridae"
"Marmota flaviventris",74,0,"Rodentia","Sciuridae"
"Marmota monax",243,99,"Rodentia","Sciuridae"
"Martes foina",113,20,"Carnivora","Mustelidae"
"Martes martes",377,33,"Carnivora","Mustelidae"
"Martes melampus",33,0,"Carnivora","Mustelidae"
"Martes pennanti",65,10,"Carnivora","Mustelidae"
"Mastomys coucha",157,12,"Rodentia","Muridae"
"Mastomys erythroleucus",42,8,"Rodentia","Muridae"
"Mastomys huberti",21,1,"Rodentia","Muridae"
"Mastomys natalensis",548,101,"Rodentia","Muridae"
"Mazama americana",45,2,"Cetartiodactyla","Cervidae"
"Mazama gouazoubira",64,2,"Cetartiodactyla","Cervidae"
"Mazama nana",7,2,"Cetartiodactyla","Cervidae"
"Megadontomys nelsoni",2,1,"Rodentia","Cricetidae"
"Melanomys caliginosus",9,0,"Rodentia","Cricetidae"
"Meles meles",552,25,"Carnivora","Mustelidae"
"Mellivora capensis",10,3,"Carnivora","Mustelidae"
"Melogale moschata",21,12,"Carnivora","Mustelidae"
"Mephitis macroura",11,2,"Carnivora","Mephitidae"
"Mephitis mephitis",259,83,"Carnivora","Mephitidae"
"Meriones crassus",89,0,"Rodentia","Muridae"
"Meriones hurrianae",84,0,"Rodentia","Muridae"
"Meriones libycus",103,2,"Rodentia","Muridae"
"Meriones tamariscinus",26,1,"Rodentia","Muridae"
"Mesocricetus auratus",1729,76,"Rodentia","Cricetidae"
"Mesomys hispidus",7,0,"Rodentia","Echimyidae"
"Metachirus nudicaudatus",16,1,"Didelphimorphia","Didelphidae"
"Micaelamys namaquensis",30,2,"Rodentia","Muridae"
"Mico argentatus",24,0,"Primates","Cebidae"
"Mico humeralifer",3,0,"Primates","Callitrichidae"
"Mico leucippe",0,0,"Primates","Callitrichidae"
"Micromys minutus",93,12,"Rodentia","Muridae"
"Micronycteris megalotis",2,0,"Chiroptera","Phyllostomidae"
"Micropteropus pusillus",8,5,"Chiroptera","Pteropodidae"
"Microtus agrestis",427,38,"Rodentia","Cricetidae"
"Microtus arvalis",537,78,"Rodentia","Cricetidae"
"Microtus californicus",71,7,"Rodentia","Cricetidae"
"Microtus fortis",90,15,"Rodentia","Cricetidae"
"Microtus gregalis",16,4,"Rodentia","Cricetidae"
"Microtus guentheri",26,2,"Rodentia","Cricetidae"
"Microtus ilaeus",11,0,"Rodentia","Cricetidae"
"Microtus levis",84,7,"Rodentia","Cricetidae"
"Microtus maximowiczii",10,3,"Rodentia","Cricetidae"
"Microtus montanus",122,5,"Rodentia","Cricetidae"
"Microtus ochrogaster",472,6,"Rodentia","Cricetidae"
"Microtus oeconomus",172,7,"Rodentia","Cricetidae"
"Microtus pennsylvanicus",281,13,"Rodentia","Cricetidae"
"Microtus socialis",38,0,"Rodentia","Cricetidae"
"Microtus subterraneus",33,7,"Rodentia","Cricetidae"
"Millardia meltada",25,2,"Rodentia","Muridae"
"Miniopterus inflatus",7,0,"Chiroptera","Vespertilionidae"
"Miniopterus magnater",6,2,"Chiroptera","Miniopteridae"
"Miniopterus pusillus",11,5,"Chiroptera","Miniopteridae"
"Miniopterus schreibersii",119,27,"Chiroptera","Vespertilionidae"
"Miopithecus ogouensis",3,2,"Primates","Cercopithecidae"
"Miopithecus talapoin",25,2,"Primates","Cercopithecidae"
"Mirounga angustirostris",236,4,"Carnivora","Phocidae"
"Mirounga leonina",139,1,"Carnivora","Phocidae"
"Molossops neglectus",1,0,"Chiroptera","Molossidae"
"Molossus molossus",179,19,"Chiroptera","Molossidae"
"Molossus rufus",33,3,"Chiroptera","Molossidae"
"Monachus monachus",196,8,"Carnivora","Phocidae"
"Monodelphis domestica",694,4,"Didelphimorphia","Didelphidae"
"Mops condylurus",13,10,"Chiroptera","Molossidae"
"Mormoops megalophylla",11,0,"Chiroptera","Mormoopidae"
"Mungos mungo",62,2,"Carnivora","Herpestidae"
"Muntiacus muntjak",78,4,"Cetartiodactyla","Cervidae"
"Muntiacus reevesi",63,3,"Cetartiodactyla","Cervidae"
"Murina aurata",0,0,"Chiroptera","Vespertilionidae"
"Murina leucogaster",15,1,"Chiroptera","Vespertilionidae"
"Mus booduga",68,2,"Rodentia","Muridae"
"Mus cervicolor",44,18,"Rodentia","Muridae"
"Mus mattheyi",2,0,"Rodentia","Muridae"
"Mus musculoides",7,0,"Rodentia","Muridae"
"Mus musculus",5452,287,"Rodentia","Muridae"
"Mus setulosus",4,2,"Rodentia","Muridae"
"Mus spicilegus",86,5,"Rodentia","Muridae"
"Mus spretus",632,25,"Rodentia","Muridae"
"Mustela erminea",83,4,"Carnivora","Mustelidae"
"Mustela frenata",11,1,"Carnivora","Mustelidae"
"Mustela lutreola",55,9,"Carnivora","Mustelidae"
"Mustela nigripes",65,5,"Carnivora","Mustelidae"
"Mustela nivalis",77,1,"Carnivora","Mustelidae"
"Mustela putorius",616,48,"Carnivora","Mustelidae"
"Mustela sibirica",35,1,"Carnivora","Mustelidae"
"Myocastor coypus",161,7,"Rodentia","Myocastoridae"
"Myodes gapperi",60,4,"Rodentia","Cricetidae"
"Myodes glareolus",1110,261,"Rodentia","Cricetidae"
"Myodes regulus",31,8,"Rodentia","Cricetidae"
"Myodes rufocanus",141,27,"Rodentia","Cricetidae"
"Myodes rutilus",107,19,"Rodentia","Cricetidae"
"Myonycteris torquata",8,7,"Chiroptera","Pteropodidae"
"Myoprocta acouchy",5,0,"Rodentia","Dasyproctidae"
"Myotis albescens",7,0,"Chiroptera","Vespertilionidae"
"Myotis austroriparius",7,0,"Chiroptera","Vespertilionidae"
"Myotis bechsteinii",36,0,"Chiroptera","Vespertilionidae"
"Myotis blythii",27,5,"Chiroptera","Vespertilionidae"
"Myotis californicus",12,2,"Chiroptera","Vespertilionidae"
"Myotis capaccinii",15,2,"Chiroptera","Vespertilionidae"
"Myotis chiloensis",6,0,"Chiroptera","Vespertilionidae"
"Myotis chinensis",3,0,"Chiroptera","Vespertilionidae"
"Myotis dasycneme",29,9,"Chiroptera","Vespertilionidae"
"Myotis daubentonii",124,30,"Chiroptera","Vespertilionidae"
"Myotis evotis",9,2,"Chiroptera","Vespertilionidae"
"Myotis grisescens",11,0,"Chiroptera","Vespertilionidae"
"Myotis horsfieldii",3,1,"Chiroptera","Vespertilionidae"
"Myotis keenii",4,1,"Chiroptera","Vespertilionidae"
"Myotis leibii",1,0,"Chiroptera","Vespertilionidae"
"Myotis levis",7,0,"Chiroptera","Vespertilionidae"
"Myotis lucifugus",376,25,"Chiroptera","Vespertilionidae"
"Myotis macrodactylus",13,0,"Chiroptera","Vespertilionidae"
"Myotis myotis",1110,135,"Chiroptera","Vespertilionidae"
"Myotis mystacinus",28,0,"Chiroptera","Vespertilionidae"
"Myotis nattereri",55,12,"Chiroptera","Vespertilionidae"
"Myotis nigricans",31,4,"Chiroptera","Vespertilionidae"
"Myotis pilosus",3,0,"Chiroptera","Vespertilionidae"
"Myotis ricketti",23,2,"Chiroptera","Vespertilionidae"
"Myotis riparius",8,0,"Chiroptera","Vespertilionidae"
"Myotis septentrionalis",30,1,"Chiroptera","Vespertilionidae"
"Myotis thysanodes",10,1,"Chiroptera","Vespertilionidae"
"Myotis velifer",28,3,"Chiroptera","Vespertilionidae"
"Myotis volans",9,1,"Chiroptera","Vespertilionidae"
"Myotis yumanensis",11,1,"Chiroptera","Vespertilionidae"
"Myrmecophaga tridactyla",83,4,"Pilosa","Myrmecophagidae"
"Nanger granti",18,1,"Cetartiodactyla","Bovidae"
"Napaeozapus insignis",2,0,"Rodentia","Dipodidae"
"Nasua narica",40,3,"Carnivora","Procyonidae"
"Nasua nasua",164,10,"Carnivora","Procyonidae"
"Natalus stramineus",4,1,"Chiroptera","Natalidae"
"Natalus tumidirostris",2,0,"Chiroptera","Natalidae"
"Neacomys guianae",1,0,"Rodentia","Cricetidae"
"Neacomys spinosus",6,1,"Rodentia","Cricetidae"
"Necromys amoenus",0,0,"Rodentia","Cricetidae"
"Necromys benefactus",2,1,"Rodentia","Cricetidae"
"Necromys lasiurus",52,13,"Rodentia","Cricetidae"
"Necromys obscurus",7,4,"Rodentia","Cricetidae"
"Nectomys squamipes",86,2,"Rodentia","Cricetidae"
"Neofelis nebulosa",61,3,"Carnivora","Felidae"
"Neomonachus schauinslandi",41,5,"Carnivora","Phocidae"
"Neotamias amoenus",23,0,"Rodentia","Sciuridae"
"Neotamias minimus",27,5,"Rodentia","Sciuridae"
"Neotamias quadrivittatus",4,0,"Rodentia","Sciuridae"
"Neotamias umbrinus",1,0,"Rodentia","Sciuridae"
"Neotoma albigula",67,12,"Rodentia","Cricetidae"
"Neotoma cinerea",27,3,"Rodentia","Cricetidae"
"Neotoma floridana",37,0,"Rodentia","Cricetidae"
"Neotoma fuscipes",66,1,"Rodentia","Cricetidae"
"Neotoma lepida",56,2,"Rodentia","Cricetidae"
"Neotoma leucodon",3,1,"Rodentia","Cricetidae"
"Neotoma macrotis",14,2,"Rodentia","Cricetidae"
"Neotoma mexicana",38,8,"Rodentia","Cricetidae"
"Neotoma micropus",55,9,"Rodentia","Cricetidae"
"Neotoma stephensi",24,1,"Rodentia","Cricetidae"
"Neovison vison",829,67,"Carnivora","Mustelidae"
"Nephelomys albigularis",1,0,"Rodentia","Cricetidae"
"Niviventer confucianus",81,5,"Rodentia","Muridae"
"Nomascus concolor",66,0,"Primates","Hylobatidae"
"Nomascus gabriellae",23,0,"Primates","Hylobatidae"
"Nomascus leucogenys",64,2,"Primates","Hylobatidae"
"Nyctalus noctula",65,7,"Chiroptera","Vespertilionidae"
"Nyctereutes procyonoides",295,29,"Carnivora","Canidae"
"Nycteris gambiensis",1,1,"Chiroptera","Nycteridae"
"Nycteris nana",1,1,"Chiroptera","Nycteridae"
"Nycteris thebaica",9,1,"Chiroptera","Nycteridae"
"Nycticebus coucang",122,2,"Primates","Lorisidae"
"Nycticeius humeralis",11,1,"Chiroptera","Vespertilionidae"
"Nyctinomops laticaudatus",17,7,"Chiroptera","Molossidae"
"Nyctinomops macrotis",11,3,"Chiroptera","Molossidae"
"Ochotona curzoniae",101,3,"Lagomorpha","Ochotonidae"
"Odobenus rosmarus",106,7,"Carnivora","Odobenidae"
"Odocoileus hemionus",400,60,"Cetartiodactyla","Cervidae"
"Odocoileus virginianus",1217,170,"Cetartiodactyla","Cervidae"
"Oecomys bicolor",3,1,"Rodentia","Cricetidae"
"Oecomys paricola",4,1,"Rodentia","Cricetidae"
"Okapia johnstoni",38,2,"Cetartiodactyla","Giraffidae"
"Oligoryzomys chacoensis",5,2,"Rodentia","Cricetidae"
"Oligoryzomys flavescens",41,10,"Rodentia","Cricetidae"
"Oligoryzomys fornesi",8,3,"Rodentia","Cricetidae"
"Oligoryzomys fulvescens",15,11,"Rodentia","Cricetidae"
"Oligoryzomys longicaudatus",42,25,"Rodentia","Cricetidae"
"Oligoryzomys microtis",14,7,"Rodentia","Cricetidae"
"Oligoryzomys nigripes",68,19,"Rodentia","Cricetidae"
"Ondatra zibethicus",139,5,"Rodentia","Cricetidae"
"Onychogalea unguifera",1,0,"Diprotodontia","Macropodidae"
"Onychomys leucogaster",56,4,"Rodentia","Cricetidae"
"Onychomys torridus",17,0,"Rodentia","Cricetidae"
"Orcinus orca",268,5,"Cetartiodactyla","Delphinidae"
"Oreamnos americanus",69,6,"Cetartiodactyla","Bovidae"
"Oreotragus oreotragus",10,0,"Cetartiodactyla","Bovidae"
"Oryctolagus cuniculus",1536,195,"Lagomorpha","Leporidae"
"Oryx beisa",7,1,"Cetartiodactyla","Bovidae"
"Oryx dammah",43,3,"Cetartiodactyla","Bovidae"
"Oryx gazella",61,4,"Cetartiodactyla","Bovidae"
"Oryx leucoryx",62,7,"Cetartiodactyla","Bovidae"
"Oryzomys couesi",9,4,"Rodentia","Cricetidae"
"Oryzomys palustris",70,8,"Rodentia","Cricetidae"
"Otocolobus manul",35,7,"Carnivora","Felidae"
"Otocyon megalotis",24,3,"Carnivora","Canidae"
"Otolemur crassicaudatus",30,0,"Primates","Galagidae"
"Otomops martiensseni",4,0,"Chiroptera","Molossidae"
"Otomys irroratus",11,0,"Rodentia","Muridae"
"Otomys tropicalis",0,0,"Rodentia","Muridae"
"Otomys unisulcatus",6,1,"Rodentia","Muridae"
"Otospermophilus beecheyi",98,5,"Rodentia","Sciuridae"
"Otospermophilus variegatus",13,0,"Rodentia","Sciuridae"
"Ourebia ourebi",6,0,"Cetartiodactyla","Bovidae"
"Ovibos moschatus",129,14,"Cetartiodactyla","Bovidae"
"Ovis ammon",76,7,"Cetartiodactyla","Bovidae"
"Ovis aries",1295,44,"Cetartiodactyla","Bovidae"
"Ovis canadensis",353,27,"Cetartiodactyla","Bovidae"
"Ovis dalli",66,9,"Cetartiodactyla","Bovidae"
"Ovis orientalis",84,3,"Cetartiodactyla","Bovidae"
"Oxymycterus nasutus",7,1,"Rodentia","Cricetidae"
"Oxymycterus quaestor",3,0,"Rodentia","Cricetidae"
"Oxymycterus rufus",14,4,"Rodentia","Cricetidae"
"Ozotoceros bezoarticus",46,1,"Cetartiodactyla","Cervidae"
"Pagophilus groenlandicus",178,8,"Carnivora","Phocidae"
"Paguma larvata",44,12,"Carnivora","Viverridae"
"Pan paniscus",533,31,"Primates","Hominidae"
"Pan troglodytes",2486,155,"Primates","Hominidae"
"Panthera leo",488,59,"Carnivora","Felidae"
"Panthera onca",188,11,"Carnivora","Felidae"
"Panthera pardus",263,12,"Carnivora","Felidae"
"Panthera tigris",374,30,"Carnivora","Felidae"
"Panthera uncia",110,7,"Carnivora","Felidae"
"Papio anubis",825,40,"Primates","Cercopithecidae"
"Papio cynocephalus",552,56,"Primates","Cercopithecidae"
"Papio hamadryas",592,51,"Primates","Cercopithecidae"
"Papio papio",3076,257,"Primates","Cercopithecidae"
"Papio ursinus",414,10,"Primates","Cercopithecidae"
"Paradoxurus hermaphroditus",19,2,"Carnivora","Viverridae"
"Paradoxurus zeylonensis",0,0,"Carnivora","Viverridae"
"Parastrellus hesperus",8,1,"Chiroptera","Vespertilionidae"
"Pecari tajacu",158,9,"Cetartiodactyla","Tayassuidae"
"Pedetes capensis",18,0,"Rodentia","Pedetidae"
"Pelomys isseli",1,0,"Rodentia","Muridae"
"Peponocephala electra",31,0,"Cetartiodactyla","Delphinidae"
"Perameles gunnii",20,0,"Peramelemorphia","Peramelidae"
"Perameles nasuta",23,2,"Peramelemorphia","Peramelidae"
"Perimyotis subflavus",25,5,"Chiroptera","Vespertilionidae"
"Perodicticus potto",55,0,"Primates","Lorisidae"
"Perognathus parvus",11,0,"Rodentia","Heteromyidae"
"Peromyscus attwateri",5,1,"Rodentia","Cricetidae"
"Peromyscus beatae",5,2,"Rodentia","Cricetidae"
"Peromyscus boylii",36,9,"Rodentia","Cricetidae"
"Peromyscus californicus",188,10,"Rodentia","Cricetidae"
"Peromyscus crinitus",8,1,"Rodentia","Cricetidae"
"Peromyscus difficilis",8,1,"Rodentia","Cricetidae"
"Peromyscus eremicus",58,5,"Rodentia","Cricetidae"
"Peromyscus gossypinus",42,4,"Rodentia","Cricetidae"
"Peromyscus leucopus",686,32,"Rodentia","Cricetidae"
"Peromyscus maniculatus",893,161,"Rodentia","Cricetidae"
"Peromyscus megalops",3,1,"Rodentia","Cricetidae"
"Peromyscus melanophrys",6,0,"Rodentia","Cricetidae"
"Peromyscus melanotis",10,0,"Rodentia","Cricetidae"
"Peromyscus mexicanus",14,4,"Rodentia","Cricetidae"
"Peromyscus truei",30,7,"Rodentia","Cricetidae"
"Petaurus breviceps",55,0,"Diprotodontia","Petauridae"
"Phacochoerus aethiopicus",53,5,"Cetartiodactyla","Suidae"
"Phacochoerus africanus",41,11,"Cetartiodactyla","Suidae"
"Phascolarctos cinereus",400,18,"Diprotodontia","Phascolarctidae"
"Philander opossum",52,2,"Didelphimorphia","Didelphidae"
"Philantomba maxwellii",3,1,"Cetartiodactyla","Bovidae"
"Philantomba monticola",26,0,"Cetartiodactyla","Bovidae"
"Philetor brachypterus",0,0,"Chiroptera","Vespertilionidae"
"Phoca largha",66,2,"Carnivora","Phocidae"
"Phoca vitulina",757,120,"Carnivora","Phocidae"
"Phocarctos hookeri",33,0,"Carnivora","Otariidae"
"Phocoena phocoena",457,32,"Cetartiodactyla","Phocoenidae"
"Phocoena spinipinnis",15,7,"Cetartiodactyla","Phocoenidae"
"Phocoenoides dalli",45,0,"Cetartiodactyla","Phocoenidae"
"Phyllostomus discolor",83,4,"Chiroptera","Phyllostomidae"
"Phyllostomus hastatus",52,0,"Chiroptera","Phyllostomidae"
"Phyllotis darwini",56,1,"Rodentia","Cricetidae"
"Physeter macrocephalus",196,7,"Cetartiodactyla","Physeteridae"
"Piliocolobus badius",41,8,"Primates","Cercopithecidae"
"Piliocolobus rufomitratus",32,4,"Primates","Cercopithecidae"
"Piliocolobus semlikiensis",0,0,"Primates","Cercopithecidae"
"Piliocolobus tephrosceles",11,3,"Primates","Cercopithecidae"
"Pipistrellus abramus",38,5,"Chiroptera","Vespertilionidae"
"Pipistrellus ceylonicus",3,2,"Chiroptera","Vespertilionidae"
"Pipistrellus hesperidus",5,1,"Chiroptera","Vespertilionidae"
"Pipistrellus kuhlii",38,6,"Chiroptera","Vespertilionidae"
"Pipistrellus nathusii",22,2,"Chiroptera","Vespertilionidae"
"Pipistrellus pipistrellus",314,44,"Chiroptera","Vespertilionidae"
"Pithecia monachus",9,0,"Primates","Pitheciidae"
"Pithecia pithecia",109,4,"Primates","Pitheciidae"
"Platyrrhinus helleri",4,0,"Chiroptera","Phyllostomidae"
"Platyrrhinus lineatus",19,1,"Chiroptera","Phyllostomidae"
"Plecotus auritus",59,3,"Chiroptera","Vespertilionidae"
"Plecotus austriacus",16,1,"Chiroptera","Vespertilionidae"
"Pongo abelii",183,2,"Primates","Hominidae"
"Pongo pygmaeus",523,20,"Primates","Hominidae"
"Potamochoerus larvatus",18,9,"Cetartiodactyla","Suidae"
"Potamochoerus porcus",23,5,"Cetartiodactyla","Suidae"
"Potorous tridactylus",60,2,"Diprotodontia","Potoroidae"
"Potos flavus",30,2,"Carnivora","Procyonidae"
"Praomys daltoni",8,3,"Rodentia","Muridae"
"Praomys jacksoni",4,0,"Rodentia","Muridae"
"Praomys rostratus",4,2,"Rodentia","Muridae"
"Presbytis melalophos",16,0,"Primates","Cercopithecidae"
"Prionailurus bengalensis",94,9,"Carnivora","Felidae"
"Prionailurus planiceps",5,0,"Carnivora","Felidae"
"Prionailurus viverrinus",25,1,"Carnivora","Felidae"
"Procapra gutturosa",21,2,"Cetartiodactyla","Bovidae"
"Procolobus verus",11,3,"Primates","Cercopithecidae"
"Procyon cancrivorus",20,0,"Carnivora","Procyonidae"
"Procyon lotor",729,142,"Carnivora","Procyonidae"
"Procyon pygmaeus",1,1,"Carnivora","Procyonidae"
"Proechimys cuvieri",8,0,"Rodentia","Echimyidae"
"Proechimys guairae",7,1,"Rodentia","Echimyidae"
"Proechimys guyannensis",27,1,"Rodentia","Echimyidae"
"Proechimys longicaudatus",5,0,"Rodentia","Echimyidae"
"Proechimys semispinosus",11,3,"Rodentia","Echimyidae"
"Propithecus coquereli",43,0,"Primates","Indriidae"
"Propithecus verreauxi",104,2,"Primates","Indriidae"
"Proteles cristata",15,0,"Carnivora","Hyaenidae"
"Pseudocheirus peregrinus",47,1,"Diprotodontia","Pseudocheiridae"
"Pseudois nayaur",42,3,"Cetartiodactyla","Bovidae"
"Pseudomys novaehollandiae",3,1,"Rodentia","Muridae"
"Pseudorca crassidens",85,0,"Cetartiodactyla","Delphinidae"
"Pteronotus davyi",6,0,"Chiroptera","Mormoopidae"
"Pteronotus parnellii",161,2,"Chiroptera","Mormoopidae"
"Pteropus admiralitatum",0,0,"Chiroptera","Pteropodidae"
"Pteropus alecto",96,57,"Chiroptera","Pteropodidae"
"Pteropus capistratus",1,0,"Chiroptera","Pteropodidae"
"Pteropus conspicillatus",29,12,"Chiroptera","Pteropodidae"
"Pteropus dasymallus",7,1,"Chiroptera","Pteropodidae"
"Pteropus giganteus",62,17,"Chiroptera","Pteropodidae"
"Pteropus hypomelanus",41,12,"Chiroptera","Pteropodidae"
"Pteropus lylei",22,14,"Chiroptera","Pteropodidae"
"Pteropus neohibernicus",2,0,"Chiroptera","Pteropodidae"
"Pteropus poliocephalus",78,24,"Chiroptera","Pteropodidae"
"Pteropus pumilus",13,0,"Chiroptera","Pteropodidae"
"Pteropus rodricensis",10,0,"Chiroptera","Pteropodidae"
"Pteropus rufus",16,2,"Chiroptera","Pteropodidae"
"Pteropus scapulatus",38,12,"Chiroptera","Pteropodidae"
"Pteropus vampyrus",61,23,"Chiroptera","Pteropodidae"
"Pudu puda",48,3,"Cetartiodactyla","Cervidae"
"Puma concolor",389,54,"Carnivora","Felidae"
"Pusa caspica",29,10,"Carnivora","Phocidae"
"Pusa hispida",264,13,"Carnivora","Phocidae"
"Pusa sibirica",77,16,"Carnivora","Phocidae"
"Pygathrix nemaeus",22,0,"Primates","Cercopithecidae"
"Rangifer tarandus",738,48,"Cetartiodactyla","Cervidae"
"Raphicerus campestris",12,0,"Cetartiodactyla","Bovidae"
"Raphicerus sharpei",0,0,"Cetartiodactyla","Bovidae"
"Rattus exulans",115,9,"Rodentia","Muridae"
"Rattus fuscipes",46,0,"Rodentia","Muridae"
"Rattus losea",60,13,"Rodentia","Muridae"
"Rattus lutreolus",11,0,"Rodentia","Muridae"
"Rattus nitidus",13,3,"Rodentia","Muridae"
"Rattus norvegicus",3664,213,"Rodentia","Muridae"
"Rattus pyctoris",4,1,"Rodentia","Muridae"
"Rattus rattus",5231,292,"Rodentia","Muridae"
"Rattus sordidus",4,0,"Rodentia","Muridae"
"Rattus tanezumi",107,19,"Rodentia","Muridae"
"Rattus tiomanicus",28,1,"Rodentia","Muridae"
"Redunca arundinum",9,1,"Cetartiodactyla","Bovidae"
"Redunca fulvorufula",12,0,"Cetartiodactyla","Bovidae"
"Redunca redunca",35,1,"Cetartiodactyla","Bovidae"
"Reithrodontomys creper",4,1,"Rodentia","Cricetidae"
"Reithrodontomys fulvescens",15,4,"Rodentia","Cricetidae"
"Reithrodontomys megalotis",50,13,"Rodentia","Cricetidae"
"Reithrodontomys mexicanus",8,4,"Rodentia","Cricetidae"
"Reithrodontomys sumichrasti",10,5,"Rodentia","Cricetidae"
"Rhabdomys pumilio",99,4,"Rodentia","Muridae"
"Rhinoceros unicornis",95,2,"Perissodactyla","Rhinocerotidae"
"Rhinolophus affinis",21,9,"Chiroptera","Rhinolophidae"
"Rhinolophus alcyone",1,0,"Chiroptera","Rhinolophidae"
"Rhinolophus blasii",5,2,"Chiroptera","Rhinolophidae"
"Rhinolophus cornutus",10,1,"Chiroptera","Rhinolophidae"
"Rhinolophus eloquens",2,1,"Chiroptera","Rhinolophidae"
"Rhinolophus euryale",13,0,"Chiroptera","Rhinolophidae"
"Rhinolophus ferrumequinum",141,15,"Chiroptera","Rhinolophidae"
"Rhinolophus hildebrandtii",4,1,"Chiroptera","Rhinolophidae"
"Rhinolophus hipposideros",80,11,"Chiroptera","Rhinolophidae"
"Rhinolophus lepidus",4,1,"Chiroptera","Rhinolophidae"
"Rhinolophus macrotis",8,3,"Chiroptera","Rhinolophidae"
"Rhinolophus mehelyi",10,0,"Chiroptera","Rhinolophidae"
"Rhinolophus pearsonii",2,0,"Chiroptera","Rhinolophidae"
"Rhinolophus pusillus",18,3,"Chiroptera","Rhinolophidae"
"Rhinolophus rouxii",58,1,"Chiroptera","Rhinolophidae"
"Rhinolophus sinicus",42,16,"Chiroptera","Rhinolophidae"
"Rhinophylla pumilio",4,0,"Chiroptera","Rhinolophidae"
"Rhinopithecus roxellana",143,3,"Primates","Cercopithecidae"
"Rhogeessa parvula",3,0,"Chiroptera","Vespertilionidae"
"Rhombomys opimus",160,9,"Rodentia","Muridae"
"Rhynchonycteris naso",5,0,"Chiroptera","Emballonuridae"
"Rousettus aegyptiacus",202,70,"Chiroptera","Pteropodidae"
"Rousettus amplexicaudatus",10,2,"Chiroptera","Pteropodidae"
"Rousettus leschenaultii",51,18,"Chiroptera","Pteropodidae"
"Rousettus madagascariensis",9,1,"Chiroptera","Pteropodidae"
"Rucervus duvaucelii",25,0,"Cetartiodactyla","Cervidae"
"Rupicapra pyrenaica",105,31,"Cetartiodactyla","Bovidae"
"Rupicapra rupicapra",265,48,"Cetartiodactyla","Bovidae"
"Rusa alfredi",2,1,"Cetartiodactyla","Cervidae"
"Rusa timorensis",56,3,"Cetartiodactyla","Cervidae"
"Rusa unicolor",75,3,"Cetartiodactyla","Cervidae"
"Saccolaimus flaviventris",5,5,"Chiroptera","Emballonuridae"
"Saccolaimus saccolaimus",7,6,"Chiroptera","Emballonuridae"
"Saguinus geoffroyi",47,1,"Primates","Callitrichidae"
"Saguinus imperator",32,0,"Primates","Callitrichidae"
"Saguinus labiatus",66,14,"Primates","Callitrichidae"
"Saguinus midas",58,3,"Primates","Callitrichidae"
"Saguinus mystax",100,22,"Primates","Callitrichidae"
"Saguinus oedipus",395,37,"Primates","Callitrichidae"
"Saiga tatarica",42,3,"Cetartiodactyla","Bovidae"
"Saimiri oerstedii",13,0,"Primates","Cebidae"
"Saimiri sciureus",1187,55,"Primates","Cebidae"
"Saimiri ustus",17,0,"Primates","Cebidae"
"Sapajus apella",955,13,"Primates","Cebidae"
"Sapajus cay",24,2,"Primates","Cebidae"
"Sapajus flavius",13,1,"Primates","Cebidae"
"Sapajus nigritus",58,4,"Primates","Cebidae"
"Sapajus xanthosternos",25,2,"Primates","Cebidae"
"Sarcophilus harrisii",168,2,"Dasyuromorphia","Dasyuridae"
"Sciurus carolinensis",219,26,"Rodentia","Sciuridae"
"Sciurus granatensis",11,1,"Rodentia","Sciuridae"
"Sciurus griseus",28,4,"Rodentia","Sciuridae"
"Sciurus niger",64,9,"Rodentia","Sciuridae"
"Sciurus variegatoides",8,3,"Rodentia","Sciuridae"
"Sciurus vulgaris",172,30,"Rodentia","Sciuridae"
"Scotophilus kuhlii",16,5,"Chiroptera","Vespertilionidae"
"Scotophilus nigrita",0,0,"Chiroptera","Vespertilionidae"
"Sekeetamys calurus",6,0,"Rodentia","Muridae"
"Semnopithecus entellus",32,4,"Primates","Cercopithecidae"
"Semnopithecus schistaceus",6,0,"Primates","Cercopithecidae"
"Setonix brachyurus",129,2,"Diprotodontia","Macropodidae"
"Sigmodon alstoni",12,10,"Rodentia","Cricetidae"
"Sigmodon hispidus",403,116,"Rodentia","Cricetidae"
"Sigmodon toltecus",4,0,"Rodentia","Cricetidae"
"Sooretamys angouya",19,3,"Rodentia","Cricetidae"
"Sorex araneus",377,35,"Eulipotyphla","Soricidae"
"Sorex arcticus",0,0,"Eulipotyphla","Soricidae"
"Sorex minutus",65,11,"Eulipotyphla","Soricidae"
"Sotalia guianensis",99,8,"Cetartiodactyla","Delphinidae"
"Speothos venaticus",37,2,"Carnivora","Canidae"
"Spermophilus citellus",37,0,"Rodentia","Sciuridae"
"Spermophilus fulvus",9,0,"Rodentia","Sciuridae"
"Spilogale gracilis",10,0,"Carnivora","Mephitidae"
"Spilogale putorius",23,3,"Carnivora","Mephitidae"
"Stenella coeruleoalba",276,30,"Cetartiodactyla","Delphinidae"
"Stenella frontalis",61,0,"Cetartiodactyla","Delphinidae"
"Stenocephalemys albipes",6,1,"Rodentia","Muridae"
"Sturnira lilium",59,8,"Chiroptera","Phyllostomidae"
"Sturnira ludovici",5,0,"Chiroptera","Phyllostomidae"
"Sturnira tildae",0,0,"Chiroptera","Phyllostomidae"
"Suncus murinus",713,42,"Eulipotyphla","Soricidae"
"Suricata suricatta",148,1,"Carnivora","Herpestidae"
"Sus barbatus",12,1,"Cetartiodactyla","Suidae"
"Sus celebensis",11,1,"Cetartiodactyla","Suidae"
"Sus scrofa",3195,264,"Cetartiodactyla","Suidae"
"Sus verrucosus",7,1,"Cetartiodactyla","Suidae"
"Syconycteris australis",5,0,"Chiroptera","Pteropodidae"
"Sylvicapra grimmia",27,0,"Cetartiodactyla","Bovidae"
"Sylvilagus aquaticus",6,0,"Lagomorpha","Leporidae"
"Sylvilagus audubonii",19,2,"Lagomorpha","Leporidae"
"Sylvilagus bachmani",16,6,"Lagomorpha","Leporidae"
"Sylvilagus brasiliensis",10,4,"Lagomorpha","Leporidae"
"Sylvilagus floridanus",140,24,"Lagomorpha","Leporidae"
"Sylvilagus nuttallii",14,1,"Lagomorpha","Leporidae"
"Sylvilagus palustris",12,0,"Lagomorpha","Leporidae"
"Sylvisorex ollula",3,1,"Eulipotyphla","Soricidae"
"Symphalangus syndactylus",89,3,"Primates","Hylobatidae"
"Syncerus caffer",391,78,"Cetartiodactyla","Bovidae"
"Tachyglossus aculeatus",202,1,"Monotremata","Tachyglossidae"
"Tadarida brasiliensis",174,44,"Chiroptera","Molossidae"
"Tadarida teniotis",17,4,"Chiroptera","Molossidae"
"Talpa romana",8,0,"Eulipotyphla","Talpidae"
"Tamandua tetradactyla",81,1,"Pilosa","Myrmecophagidae"
"Tamias striatus",124,13,"Rodentia","Sciuridae"
"Tamiasciurus hudsonicus",123,8,"Rodentia","Sciuridae"
"Taphozous melanopogon",23,3,"Chiroptera","Emballonuridae"
"Taphozous perforatus",6,3,"Chiroptera","Emballonuridae"
"Taphozous theobaldi",2,1,"Chiroptera","Emballonuridae"
"Tapirus terrestris",67,3,"Perissodactyla","Tapiridae"
"Tatera indica",63,2,"Rodentia","Muridae"
"Taxidea taxus",39,5,"Carnivora","Mustelidae"
"Thallomys nigricauda",5,0,"Rodentia","Muridae"
"Thaptomys nigrita",11,3,"Rodentia","Cricetidae"
"Theropithecus gelada",103,2,"Primates","Cercopithecidae"
"Thomomys talpoides",21,0,"Rodentia","Geomyidae"
"Thryonomys swinderianus",73,1,"Rodentia","Thryonomyidae"
"Thylogale billardierii",24,0,"Diprotodontia","Macropodidae"
"Tolypeutes matacus",13,1,"Cingulata","Dasypodidae"
"Tonatia bidens",1,0,"Chiroptera","Phyllostomidae"
"Trachops cirrhosus",27,0,"Chiroptera","Phyllostomidae"
"Trachypithecus cristatus",21,1,"Primates","Cercopithecidae"
"Trachypithecus francoisi",33,2,"Primates","Cercopithecidae"
"Trachypithecus obscurus",9,2,"Primates","Cercopithecidae"
"Trachypithecus phayrei",16,0,"Primates","Cercopithecidae"
"Trachypithecus pileatus",11,1,"Primates","Cercopithecidae"
"Tragelaphus angasii",19,1,"Cetartiodactyla","Bovidae"
"Tragelaphus eurycerus",29,1,"Cetartiodactyla","Bovidae"
"Tragelaphus imberbis",14,1,"Cetartiodactyla","Bovidae"
"Tragelaphus oryx",33,4,"Cetartiodactyla","Bovidae"
"Tragelaphus scriptus",41,1,"Cetartiodactyla","Bovidae"
"Tragelaphus spekii",10,0,"Cetartiodactyla","Bovidae"
"Tragelaphus strepsiceros",92,10,"Cetartiodactyla","Bovidae"
"Tragulus javanicus",43,4,"Cetartiodactyla","Tragulidae"
"Transandinomys bolivaris",1,1,"Rodentia","Cricetidae"
"Tremarctos ornatus",29,0,"Carnivora","Ursidae"
"Trichechus manatus",215,7,"Sirenia","Trichechidae"
"Trichosurus vulpecula",761,17,"Diprotodontia","Phalangeridae"
"Trinomys iheringi",13,1,"Rodentia","Echimyidae"
"Tscherskia triton",27,1,"Rodentia","Cricetidae"
"Tupaia belangeri",460,91,"Scandentia","Tupaiidae"
"Tupaia glis",223,3,"Scandentia","Tupaiidae"
"Tursiops aduncus",116,7,"Cetartiodactyla","Delphinidae"
"Tursiops truncatus",1302,36,"Cetartiodactyla","Delphinidae"
"Tylomys nudicaudus",2,0,"Rodentia","Cricetidae"
"Tylonycteris pachypus",13,3,"Chiroptera","Vespertilionidae"
"Urocitellus columbianus",36,0,"Rodentia","Sciuridae"
"Urocitellus parryii",67,0,"Rodentia","Sciuridae"
"Urocitellus richardsonii",90,4,"Rodentia","Sciuridae"
"Urocitellus undulatus",34,2,"Rodentia","Sciuridae"
"Urocyon cinereoargenteus",104,26,"Carnivora","Canidae"
"Urocyon littoralis",40,5,"Carnivora","Canidae"
"Uroderma bilobatum",18,3,"Chiroptera","Phyllostomidae"
"Ursus americanus",345,17,"Carnivora","Ursidae"
"Ursus arctos",577,21,"Carnivora","Ursidae"
"Ursus maritimus",413,16,"Carnivora","Ursidae"
"Ursus thibetanus",126,4,"Carnivora","Ursidae"
"Urva javanica",19,4,"Carnivora","Herpestidae"
"Vampyrodes caraccioli",1,0,"Chiroptera","Phyllostomidae"
"Vandeleuria oleracea",5,2,"Rodentia","Muridae"
"Varecia variegata",105,4,"Primates","Lemuridae"
"Vespadelus pumilus",2,0,"Chiroptera","Vespertilionidae"
"Vespertilio murinus",13,3,"Chiroptera","Vespertilionidae"
"Vespertilio sinensis",16,0,"Chiroptera","Vespertilionidae"
"Vicugna pacos",381,24,"Cetartiodactyla","Camelidae"
"Vicugna vicugna",269,23,"Cetartiodactyla","Camelidae"
"Viverricula indica",9,2,"Carnivora","Viverridae"
"Vombatus ursinus",69,1,"Diprotodontia","Vombatidae"
"Vulpes chama",4,0,"Carnivora","Canidae"
"Vulpes corsac",14,2,"Carnivora","Canidae"
"Vulpes lagopus",364,29,"Carnivora","Canidae"
"Vulpes macrotis",33,5,"Carnivora","Canidae"
"Vulpes velox",16,2,"Carnivora","Canidae"
"Vulpes vulpes",1599,168,"Carnivora","Canidae"
"Vulpes zerda",17,4,"Carnivora","Canidae"
"Wallabia bicolor",54,1,"Diprotodontia","Macropodidae"
"Xerus erythropus",11,0,"Rodentia","Sciuridae"
"Xerus inauris",20,1,"Rodentia","Sciuridae"
"Zalophus californianus",421,34,"Carnivora","Otariidae"
"Zalophus wollebaeki",33,1,"Carnivora","Otariidae"
"Zapus hudsonius",16,1,"Rodentia","Dipodidae"
"Zygodontomys brevicauda",31,19,"Rodentia","Cricetidae"
